bit	channel	readout_probe_id	L/R	readout_probe_sequence
bit_1	488	1	L	TCATCTCAGTTAGT
bit_2	488	1	R	TACTTACTCAGCAC
bit_3	546	1	L	TCTAACATCGTGGA
bit_4	546	1	R	TACCAGAATAACGG
bit_5	647	1	L	AATAGCGGAACTTG
bit_6	647	1	R	TGAGCATAATGTGC
bit_7	488	2	L	TGAATGACTTCTGG
bit_8	488	2	R	TAGGTAACATCTGA
bit_9	546	2	L	TACGACCTATGTAA
bit_10	546	2	R	GCATACAACTTCTC
bit_11	647	2	L	ATCCATCGTAAGAG
bit_12	647	2	R	CAAGTTTAGCCTTC
bit_13	488	3	L	CGATGAGATTACAG
bit_14	488	3	R	TCAAGGAGTAATCC
bit_15	546	3	L	TTACTCTGGCATAC
bit_16	546	3	R	CGACGAGGATTTAT
bit_17	647	3	L	CAGCGTAATACTTC
bit_18	647	3	R	AGTTCGTTCTATGA
bit_19	488	4	L	CAGATGCTTATTGA
bit_20	488	4	R	GAATACAATAGCGG
bit_21	546	4	L	CTCTTGGTCGTTAT
bit_22	546	4	R	CGTAGTATTGAAGC
bit_23	647	4	L	CATAGTGACAGAGT
bit_24	647	4	R	AGAATGTGGAGAAG
bit_25	488	5	L	CCTAAGTAGTGGAA
bit_26	488	5	R	CATAAGAGGTCTGA
bit_27	546	5	L	ACACATAACTCAGT
bit_28	546	5	R	CATTCACTAAGACG
bit_29	647	5	L	CACTCCACTTATTA
bit_30	647	5	R	GCCTATTCAGAACC
bit_31	488	6	L	ATCCTCATTAGACA
bit_32	488	6	R	TACAACGACGATTC
bit_33	546	6	L	CCAAGTTACTGACA
bit_34	546	6	R	AGTCTTAGTGGAAG
bit_35	647	6	L	TTCACAATCAGGAG
bit_36	647	6	R	GTAAGAGACATTGC
bit_37	488	7	L	TTATGTCTTGTGGC
bit_38	488	7	R	ACAGTTCTACGAAT
bit_39	546	7	L	GTTCATTCAAGAGC
bit_40	546	7	R	CCAATAGTAAGGCT
bit_41	647	7	L	ATCCATACTCAACG
bit_42	647	7	R	CAGGAGTAAACAGA
bit_43	488	8	L	CTCGTATCCTTCTT
bit_44	488	8	R	CCGTCATCACATTA
bit_45	546	8	L	ACTGTAACCTAAGA
bit_46	546	8	R	TCTAACTATGACCG
bit_47	647	8	L	GTCCAGGCAATAAG
bit_48	647	8	R	GCAGTTCTTAGACA
bit_49	488	9	L	AATCGTGGTATCTA
bit_50	488	9	R	TGTGGTTGTAGTAT
bit_51	546	9	L	CGTTGTGATACTTC
bit_52	546	9	R	TAGTATTGGTCACC
bit_53	647	9	L	CTCATACGGTCATA
bit_54	647	9	R	CGTTCTATTGATGG
bit_55	488	10	L	AAGATAAGTTCCTC
bit_56	488	10	R	CGTATTCTTCCGAA
bit_57	546	10	L	TACTTGACCTAACC
bit_58	546	10	R	GCTAATACACACCA
bit_59	647	10	L	GGAATAATCAGCCT
bit_60	647	10	R	AATGTTCAAGACGA
bit_61	488	11	L	CTCATAACCTACCT
bit_62	488	11	R	TGACACTATGATGT
bit_63	546	11	L	GCCTTCATTCTAAT
bit_64	546	11	R	CCTTCTTACATCCA
bit_65	647	11	L	TCCGTCTAATACTG
bit_66	647	11	R	TATTCATCTGCTCT
bit_67	488	12	L	TAGAGAGGTAGCAA
bit_68	488	12	R	GCAAGAATAGACCA
bit_69	546	12	L	TAGGACTCTACAGA
bit_70	546	12	R	CCTTGATTATCGTC
bit_71	647	12	L	ACACGATGAACTAC
bit_72	647	12	R	AGAGTAGGAGTCTC
bit_73	488	13	L	CCTGTAACGAATAG
bit_74	488	13	R	CAACCATTGAAGAC
bit_75	546	13	L	AATGGAGAATACCA
bit_76	546	13	R	TACATTAGCCTCCA
bit_77	647	13	L	ATGACATTCAAGGA
bit_78	647	13	R	GTAACGCTCCTATC
bit_79	488	14	L	GTATTTCCGATGAC
bit_80	488	14	R	ACTAAAGGACCTAC
bit_81	546	14	L	CAGTATTCGTTAGG
bit_82	546	14	R	TGGTATGAATCTGA
bit_83	647	14	L	CGATTGGTCTATTG
bit_84	647	14	R	TATCGTCGTCTAAT
bit_85	488	15	L	GAGGTTAGAGAAGC
bit_86	488	15	R	GATGAAGCCTATTA
bit_87	546	15	L	TAACTTACGCTGTG
bit_88	546	15	R	CGGTGAATCCTTAG
bit_89	647	15	L	GGATTCAACCTTAG
bit_90	647	15	R	GGTAATCGGAACAT
bit_91	488	16	L	TTATGAGGTAGGTC
bit_92	488	16	R	TTGGTAGAAGGATG
bit_93	546	16	L	CTACGCTTACAACG
bit_94	546	16	R	TCACCTATCACTCC
bit_95	647	16	L	TGTGCTCTTATCAG
bit_96	647	16	R	CCGTGATAGACTCT
bit_97	488	17	L	GAATGCCTTATCAC
bit_98	488	17	R	CTGAACCGTGTAAT
bit_99	546	17	L	TCTAAGAGATTCGC
bit_100	546	17	R	CTGTGTTACTGTTG
bit_101	647	17	L	GGATTTCGTTTACC
bit_102	647	17	R	CAAATAGCCCAAAG
bit_103	488	18	L	ACTGGTGAATGGAT
bit_104	488	18	R	GGATACATTGATGG
bit_105	546	18	L	TCAATCTTAGGTCG
bit_106	546	18	R	GTATTGATAAGCCA
bit_107	647	18	L	ATGATTGACATCCT
bit_108	647	18	R	ATCTCCTAAGTCCT
bit_109	488	19	L	TCCATCTAACTTGC
bit_110	488	19	R	GATGTAACACCTCT
bit_111	546	19	L	GTAAGCATAAGACT
bit_112	546	19	R	GTCTGTTACAATCT
bit_113	647	19	L	AGAATACTGAACGC
bit_114	647	19	R	TTGTCACCAACTTA
bit_115	488	20	L	CACAGTGATAATGC
bit_116	488	20	R	GGATAACCACTGTC
bit_117	546	20	L	AACAGTCAATAGCC
bit_118	546	20	R	GTGAATACACACTG
bit_119	647	20	L	CGCATAAGGCTTTA
bit_120	647	20	R	GAGATTCAGATTGC
bit_121	488	21	L	GTGCGGACAATAAT
bit_122	488	21	R	CTACAATCGTCAGC
bit_123	546	21	L	TAAGACTCTGAATC
bit_124	546	21	R	CTAATGTTCAAGGA
bit_125	647	21	L	CCTGAAGAATGTTG
bit_126	647	21	R	ATGCTAATAGGTGT
bit_127	488	22	L	GTGTTAGGTATTGG
bit_128	488	22	R	CCAAGAGACAATCT
bit_129	546	22	L	GAGGATTCAATAGG
bit_130	546	22	R	TCATTCCATTGTCT
bit_131	647	22	L	CTCTCACAACCTAA
bit_132	647	22	R	CAAATGAAACCGAG
bit_133	488	23	L	GCATAACCTAAGTG
bit_134	488	23	R	ATTCCATTATGTGC
bit_135	546	23	L	ACAAGAGTGATGTA
bit_136	546	23	R	AGATAACAGAAGTG
bit_137	647	23	L	TTCTATGTGTTGGT
bit_138	647	23	R	ATTACGATTCCGAC
bit_139	488	24	L	CTCACTGATACACT
bit_140	488	24	R	AGTAATAGGCAAGA
bit_141	546	24	L	CACACTTGACTTGA
bit_142	546	24	R	CTATTGTGGTTAGG
bit_143	647	24	L	TAGACAATGATGGT
bit_144	647	24	R	ATCGGTCCTATTAC
bit_145	488	25	L	CTTGTGGAGATTGT
bit_146	488	25	R	CTTCAAGACTTACC
bit_147	546	25	L	GAACCTGTAATACG
bit_148	546	25	R	TTATGAACTGCCAC
bit_149	647	25	L	GTTATGCTCAACCG
bit_150	647	25	R	AGAGAATACTGACC
bit_151	488	26	L	CGTTGAAGATAACC
bit_152	488	26	R	CGACACTCATAGAA
bit_153	546	26	L	AATGACCTATTGAC
bit_154	546	26	R	CACATTGAGCCTTA
bit_155	647	26	L	TCGGATAAGATTCA
bit_156	647	26	R	GCGTGATTACTACG
bit_157	488	27	L	CGCACATAATCAAT
bit_158	488	27	R	GCACCGTTCTTATT
bit_159	546	27	L	AGGATACTAATGCC
bit_160	546	27	R	CACCATCATTCAAC
bit_161	647	27	L	CTTGCCTAACGATT
bit_162	647	27	R	GGCTAACCTGTATT
bit_163	488	28	L	CGGTAATAAGTCTC
bit_164	488	28	R	AACGATACTTGGTC
bit_165	546	28	L	GTTCCTATCACTTC
bit_166	546	28	R	TTGTAATAGGTGCC
bit_167	647	28	L	AGGGTCTATTGAAG
bit_168	647	28	R	AACCACTCGGATAA
bit_169	488	29	L	CAGAGTGTTCAATC
bit_170	488	29	R	CTATGAAGGAGTCA
bit_171	546	29	L	GTGAATACTTGGAC
bit_172	546	29	R	CATTAGATGTGCTC
bit_173	647	29	L	TAAGATGGCAGATT
bit_174	647	29	R	AGATTCATAAGACC
bit_175	488	30	L	TCTAATGTCATCCT
bit_176	488	30	R	CGGAATGGATTGTT
bit_177	546	30	L	CCACTCAGAGATTA
bit_178	546	30	R	CAACCACCTAATGA
bit_179	647	30	L	TGACACATTCTACG
bit_180	647	30	R	ACTAAGTGTCCAAT
